field,display_name,browse_link,external_link,dc_map,schema_map
title,Title,,,DCTERMS.title,headline
date,Date,,,DCTERMS.date,dateCreated
presentation_type,Type,
creator,Presenter,,,DCTERMS.creator,creator
department,Affiliation,
description,Description,,,DCTERMS.description,description
subject,Subjects,true,,DCTERMS.subject,keywords
website,Related Website,,true,
video,Presentation Video,,true,
format,Format,,,,encodingFormat
language,Language,,,DCTERMS.language,
rightsstatement,,,,DCTERMS.rights,license
