objectid,title,date,presentation_type,creator,department,description,website,video,filename,object_location,display_template
gisday-0001,Advancing Machine Learning and AI with Geography &amp; GIS,2017,Keynote,Robert Kircher,Esri Professional Services,"Geospatial artificial intelligence and machine learning build on and advance the accomplishments, technologies, and creativity in the GIS community. It’s another special time for geography and the GIS professionals, academics, and students that practice it. Geographic data, models, algorithms, and information are contributing to these endeavors more than ever. Let’s explore how geography and GIS are using and advancing AI and ML concepts and technologies to establish Geo AI, and how our world is benefiting from it.",,,GISDay2017_Kircher.pdf,https://objects.lib.uidaho.edu/gisday/GISDay2017_Kircher.pdf,pdf
gisday-0002,Virtual Rivers,2017,Short Talk,"Richie Carmichael, Jean-Marc Gauthier, and Reilly Cisco",Virtual Technology and Design,An overview of several VR environments about rivers and wildlife of the Pacific Northwest.,,,GISDay2017_Carmichael.pdf,https://objects.lib.uidaho.edu/gisday/GISDay2017_Carmichael.pdf,pdf
gisday-0003,Evaluating Sustainability Competencies through Green Infrastructure Design,2017,Short Talk,Daniel Cronan,Landscape Architecture,"A GIS-based approach for analyzing key competencies in Sustainable Green Infrastructure design that systematically evaluates student learning within a studio course and a workshop by analyzing self-reported and spatially explicit evidence of learning about stormwater system design and planning. The research focuses on landscape architecture and planning education, using a set curriculum, courses, and workshops as vehicles for experimentation.",,,GISDay2017_Cronan.pdf,https://objects.lib.uidaho.edu/gisday/GISDay2017_Cronan.pdf,pdf
gisday-0004,JournalMap: Leveraging the Where in Scholarly Literature,2017,Short Talk,Jason Karl,"Forest, Rangeland, and Fire Sciences","While it is easier than it has ever been to find useful scholarly literature across disciplines, the ability to find out what is known about a specific location or environmentally similar places around the world is still hindered by current search technologies that rely on keywords, topics, text, and authors – concepts of cataloging and searching that date back to the 1800’s. JournalMap is a map-based scientific literature search engine for discovering relevant research based on where research was conducted as well as through traditional keyword searches.",https://www.journalmap.org,,Karl_UI_GIS-Day_2017.pdf,https://objects.lib.uidaho.edu/gisday/Karl_UI_GIS-Day_2017.pdf,pdf
gisday-0005,Climate Engine,2017,Short Talk,Katherine Hegewisch,Geography,Climate Engine is a web tool that allows the visualization of maps and time series from large climate and remote sensing datasets.,http://climateengine.org/,,GISDay2017_Hegewisch.pdf,https://objects.lib.uidaho.edu/gisday/GISDay2017_Hegewisch.pdf,pdf
gisday-0006,GIS Day @ U of I 2017 schedule,2017,Program,U of I Library,,Web archive capture of GIS Day @ U of I page provides access to 2017 program and information.,,,,https://web.archive.org/web/20171113110927/http://insideidaho.org/gis-day.html,record
gisday-0007,Northwest Climate Toolbox,2018,Short Talk,Katherine Hegewisch,"Geography, University of Idaho","The NW Climate Toolbox is a collection of web tools for visualizing maps, graphs and dashboards of real-time climate information, seasonal climate forecasts and future climate projections.",,,hegewisch_gisday2018.pdf,https://objects.lib.uidaho.edu/gisday/hegewisch_gisday2018.pdf,pdf
gisday-0008,Northwest Climate Toolbox: U.S. Water Watcher Tool,2018,Poster,Katherine Hegewisch,"Geography, University of Idaho","The NW Climate Toolbox is a collection of web tools for visualizing maps, graphs and dashboards of real-time climate information, seasonal climate forecasts and future climate projections.",,,hegewisch_gisday2018_poster.pdf,https://objects.lib.uidaho.edu/gisday/hegewisch_gisday2018_poster.pdf,pdf
gisday-0009,A Network Analysis to Identify Hotspots in Which Merchantability May Limit Forest Management Across the United States,2018,Short Talk,Raju Pokharel,"Natural Resources, University of Idaho","This study conducts a network analysis utilizing the location and consumption characteristics of over 3,300 forest products producers in the continental United States along with a national road dataset to evaluate “hotspots” in which there could be financial limitation to forest harvesting. We establish procurement zones around each mill for a forest commodity at varying distances and costs and construct a “hotspot” value utilizing the number of overlapped zones weighted by generalized commodity-specific prices.",,,pokharel_gisday2018.pdf,https://objects.lib.uidaho.edu/gisday/pokharel_gisday2018.pdf,pdf
gisday-0010,Coeur d'Alene Tribe GIS UAS (Unmanned Aerial Systems) Program: An Update,2018,Short Talk,"James Twoteeth, Berne Jackson, Giovan Alcala, Sabine Krier",Coeur d'Alene Tribe GIS,An update on the work of the Coeur d'Alene Tribe's UAS (Unmanned Aerial Systems) Program.,,,jackson_gisday2018.pdf,https://objects.lib.uidaho.edu/gisday/jackson_gisday2018.pdf,pdf
gisday-0011,Palouse-Clearwater Food Systems Story Map,2018,Short Talk,Colette DePhelps,"Northern District Extension, College of Agricultural and Life Sciences, University of Idaho",In this ESRI Story Map we used the Shortlist layer to display primary data collected about the Palouse-Clearwater Food System. The Story Map is designed to both educate community members about food system assets in the region and to connect them to those assets.,,,dephelps_gisday2018.pdf,https://objects.lib.uidaho.edu/gisday/dephelps_gisday2018.pdf,pdf
gisday-0012,Using Esri Javascript API with React JS and Vue JS to Build Modern Web Applications for GIS-related Tasks,2018,Short Talk,Koffi Anderson Koffi,Data &amp; Digital Services - Library,"The integration of the Esri Javascript API on modern web application ecosystem enhances the execution of GIS-related tasks. In this talk, we explore two use cases with the Idaho Rangeland Atlas and the Idaho Aerial Imagery Explorer web applications.",,,koffi_gisday2018.pdf,https://objects.lib.uidaho.edu/gisday/koffi_gisday2018.pdf,pdf
gisday-0013,The Vulnerability of Idaho's Dairy Industry to Impacts of Climate Change,2018,Exhibit,Alycia Bean,"Idaho Water Resources Research Institute (IWWRI), University of Idaho","Story Map presentation looking at the interdisciplinary nexus of climate change impacts, water rights, and alfalfa crops in southern Idaho.",,,,https://uidaho.maps.arcgis.com/apps/Cascade/index.html?appid=545cd13f571b4ca087a3667951f9da44,record
gisday-0014,Closure of Syringa Mobile Home Park: Story Map,2018,Exhibit,Denessy Rodriguez,"Sociology and Anthropology &amp; Center for Digital Inquiry and Learning, University of Idaho","Syringa Mobile Home Park was a mobile home park in Moscow, Idaho. In June 2018, Syringa closed. The story of Syringa details many of the same issues that parks across the nation are facing, and reflects an ongoing affordable housing crisis.",,,,https://uidaho.maps.arcgis.com/apps/Cascade/index.html?appid=a459d05f5e2c4b5c9cd9e535e0c4afaa,record
gisday-0015,GIS: A Framework for Identifying Isolated Communities in a Transportation Context,2018,Poster,Skye Swoboda-Colberg,"National Institute for Advanced Transportation Technology (NIATT), University of Idaho","Objectively defining isolated communities in Idaho can be controversial. A multiple criteria analysis of road networks, municipal boundaries, wired and wireless broadband service areas, demographic data, vehicle crash records and EMS response areas was conducted to identify isolated communities in Idaho.",,,skye_gisday2018_poster.pdf,https://objects.lib.uidaho.edu/gisday/skye_gisday2018_poster.pdf,pdf
gisday-0016,Quantifying Fuel Consumption for the Las Conchas Fire Using Airborne LiDAR,2018,Poster,Ryan McCarley,"Fish and Wildlife Sciences, University of Idaho","We used pre- and post-fire airborne LiDAR and field data to quantify changes in tree biomass, surface fuels, and canopy bulk density for the 2011 Las Conchas Fire in New Mexico.",,,mccarley_gisday2018_poster.pdf,https://objects.lib.uidaho.edu/gisday/mccarley_gisday2018_poster.pdf,pdf
gisday-0017,Idaho Wilderness: Assessing Future Land Use and Climate Change in the State's Greatest Gems,2018,Poster,Ryan McCarley,"Fish and Wildlife Sciences, University of Idaho",A spatial summary of land use and climate change predictions through 2050 in and around Idaho's 15 wilderness areas. This data is used to identify Idaho's most vulnerable wilderness areas.,,,mcarley_gisday2018_poster2.pdf,https://objects.lib.uidaho.edu/gisday/mcarley_gisday2018_poster2.pdf,pdf
gisday-0018,High-resolution Lidar from Unmanned Aerial Vehicles for Forestry Applications,2018,Poster,Anthony Martinez,"Natural Resources &amp; Society, University of Idaho","High-resolution lidar was collected 9/2017 on Moscow Mountain with a UAV by Alta Science &amp; Engineering. This high-resolution dataset provides new opportunities for forest measurements that ""traditional"" plane-mounted lidar systems cannot.",,,martinez_gisday2018_poster.pdf,https://objects.lib.uidaho.edu/gisday/martinez_gisday2018_poster.pdf,pdf
gisday-0019,GIS Day @ U of I 2018 schedule,2018,Program,U of I Library,,Web archive capture of GIS Day @ U of I page provides access to 2018 program and information.,,,,https://web.archive.org/web/20190422215812/https://www.insideidaho.org/gis-day.html,record
gisday-0020,GIS Day @ U of I 2019 schedule,2019,Program,U of I Library,,Web archive capture of GIS Day @ U of I page provides access to 2019 program and information.,,,,https://perma.cc/WF4J-UAV8,record
gisday-0021,GIS & Spatial Machine Learning: Transforming Our Planet's Pulse to Action,2019,Keynote,Orhun Aydin,"Product Engineer, Esri",Keynote presentation from ESRI Spatial Statistics researcher Dr. Orhun Aydin exploring the power of GIS to integrate data for understanding our planet and solving it's most pressing problems.,,,Aydin_GISDay_Keynote2019.pdf,https://objects.lib.uidaho.edu/gisday/Aydin_GISDay_Keynote2019.pdf,pdf
gisday-0022,Mapping Digital Collections: GeoJSON and Leaflet.js for Sustainable Static Web,2019,Short Talk,Olivia Wikle,"Library, University of Idaho",Overview of how University of Idaho Library uses Jekyll static web generator to transform digital collection metadata into GeoJSON data and map visualizations using Leaflet.js.,,,OWikle_gisday2019.pdf,https://objects.lib.uidaho.edu/gisday/OWikle_gisday2019.pdf,pdf
gisday-0023,Spatiotemporal Weighted Regression in Geographic Process,2019,Short Talk,Chao Ma,"Computer Science, University of Idaho","Spatiotemporal weighted regression (STWR) model was proposed to address the spatiotemporal non-stationarity. This method has a wide range of applications including geoscience, environmental science, economics and social science.",,,CMa_SpatiotemporalRegression_gisday2019.pdf,https://objects.lib.uidaho.edu/gisday/CMa_SpatiotemporalRegression_gisday2019.pdf,pdf
gisday-0024,Using GIS Storymapping to Illustrate Idaho's Food Heritage and Festivals,2019,Short Talk,Colette DePhelps,"Northern District Extension, College of Agricultural and Life Sciences, University of Idaho","A 2014 University of Idaho Extension survey of Idahoans revealed an array of festivals, from small town to big cities, that illustrate and celebrate Idaho's unique food heritage. In 2019, we created a Story Map, linked to the Idaho Food Works website, that weaves together this rich heritage with more modern Idaho food, wine and beer festivals, elevating the visibility and diversity of food-related events across the state.",,,DePhelps_CFS_Stories_gisday2019.pdf,https://objects.lib.uidaho.edu/gisday/DePhelps_CFS_Stories_gisday2019.pdf,pdf
gisday-0025,GIS and freshwater ecosystem services valuation under climate change and conservation,2019,Short Talk,Li Huang,"Geography, University of Idaho","Under a GIS and Python environment, this research explores how climate change and conservation would affect freshwater ecosystem services in a semiarid catchment. In a spatially explicit way, the results suggest the degradation under climate change and the mitigation effects from conservation.",,,LHuang_EcosystemValuation_gisday2019.pdf,https://objects.lib.uidaho.edu/gisday/LHuang_EcosystemValuation_gisday2019.pdf,pdf
gisday-0026,"A Land-Based and Spatial Assessment of Local Food Capacity in Northern Idaho, USA",2019,Short Talk,Haifeng (Felix) Liao,"Geography, University of Idaho","There has been a growing interest in local food production, which provides an alternative way to increase self-sufficiency and support greater well-being and food security at the community level. This study focused on the Northern Panhandle region of Idaho, where opportunities derived from the local food movement have emerged in several resort and college towns. This research integrated spatial analysis and modeling in a geographic information system (GIS) environment and a linear-programming (LP) optimization approach to identify, quantify, and map these potential opportunities and demonstrate the utility of land-based foodshed analysis.",,,Liao_SpatialAssessment_gisday2019.pdf,https://objects.lib.uidaho.edu/gisday/Liao_SpatialAssessment_gisday2019.pdf,pdf
gisday-0027,A knowledge base of deep time to assimilate multi-disciplinary datasets in the study of co-evolving geosphere and biosphere,2019,Short Talk,Xiaogang (Marshall) Ma,"Computer Science, University of Idaho","By developing a machine-readable knowledge base of deep time and the corresponding service, this research will address the heterogeneity of time concepts among multidisciplinary data facilities, and thus facilitate studies on the co-evolution of the geosphere and biosphere.",,,Ma_deeptime_gisday2019.pdf,https://objects.lib.uidaho.edu/gisday/Ma_deeptime_gisday2019.pdf,pdf
gisday-0028,The effectiveness of the U-net on urban tree canopy mapping,2020,Short Talk,Zhe Wang,"University of Idaho, Geography and Geological Sciences","In this study, we applied the U-net to urban tree canopy mapping, tested the effectiveness of the U-net in comparison with other approaches and assessed the performance and robustness of the U-net at different scales.",,,wang_gisday2020.pdf,https://objects.lib.uidaho.edu/gisday/wang_gisday2020.pdf,pdf
gisday-0029,Knowledge graphs for global and regional geologic time scales,2020,Short Talk,Chao Ma,"University of Idaho, Computer Science",A knowledge graph for global and regional geologic time scales was created and stored in a SPARQL endpoint. An R package was developed for querying the knowledge from it.,,,chao_gisday2020.pdf,https://objects.lib.uidaho.edu/gisday/chao_gisday2020.pdf,pdf
gisday-0030,Predicting fine-scale forage distribution to inform ungulate nutrition,2020,Short Talk,Ryan McCarley,"University of Idaho, Fish and Wildlife Sciences","Using segmented NAIP imagery, spatially explicit environmental variables, and field data we predicted fine-scale occurrence of 20 forage species for mule deer and Rocky Mountain elk across all of Idaho. Lasso logistic regression models provided high predictive accuracy, while validation at two University of Idaho affiliated research stations demonstrated the strengths and weakness of our approach.",,,mccarley_gisday2020.pdf,https://objects.lib.uidaho.edu/gisday/mccarley_gisday2020.pdf,pdf
gisday-0031,"Integrating cultural identity, remote sensing and UAVs as a way of knowing: Drone Camp, butterflies and quemes",2020,Special Topic,Karla Eitel & Marcie Carter,"University of Idaho, McCall Field Campus and Outdoor Science School, & Natural Resources and Society","This project explores the use of UAVs within the cultural context of the Nez Perce Tribe's management of fisheries and natural resources, integrating indigenous knowledge, community needs, education, and remote sensing.",,,keitel_carter_gisday2020.pdf,https://objects.lib.uidaho.edu/gisday/keitel_carter_gisday2020.pdf,pdf
gisday-0032,"Forecasting futures for food, land, energy, and water systems supply chain and critical infrastructure",2020,Special Topic,Dan Cronan,"University of Idaho, Center for Resilient Communities and Landscape Architecture","Food, food production, and the consequences of disrupted supply chains from COVID-19 have had resounding impacts on our social ecological systems and networks. The Center for Resilient Communities (CRC) at the University of Idaho and the Earth Systems Research Center at the University of New Hampshire developed a framework to analyze impacted areas at the national scale.",,,,https://arcg.is/1fLeWb0,record
gisday-0033,Adaptation of UAS Field Procedures - Living with Covid-19,2020,Short Talk,Jennifer Gilley,"Alta Science and Engineering, Inc.","Alta has worked for several years now on their UAS program collecting imagery and LiDAR data. With the onset of Covid-19, it was necessary to adapt yet again to a changing environment and meet new challenges. We would like to discuss the advances in the program, but also how Alta has overcome outside challenges in the year of Covid-19.",,,gilley_gisday2020.pdf,https://objects.lib.uidaho.edu/gisday/gilley_gisday2020.pdf,pdf
gisday-0034,Disparities in emergency medical service (EMS) response time for automobile crashes in Idaho,2020,Short Talk,Skye Swoboda-Colberg,"University of Idaho, Geography and Geological Sciences","This talk presents research comparing actual and predicted EMS response times in Idaho to identify potential service shortage areas, and compares the results to research in other States.",,,swoboda-colberg_gisday2020.pdf,https://objects.lib.uidaho.edu/gisday/swoboda-colberg_gisday2020.pdf,pdf
gisday-0035,RangeSAT: Delivering Geospatial Data to Ranchers,2020,Short Talk,Vincent Jansen,"University of Idaho, Forest, Rangeland and Fire Sciences","Using the Landsat satellite record going back to 1984, RangeSAT (RangeSAT.org) provides at set of online vegetation monitoring tools for rangeland management. RangeSAT is an ongoing project being developed at the University of Idaho, in partnership with The Nature Conservancy, Oregon Ranchers, and the Natural Resources Conservation Service (NRCS) and the Northwest Climate Hub.",,,vincent_gisday2020.pdf,https://objects.lib.uidaho.edu/gisday/vincent_gisday2020.pdf,pdf
gisday-0036,GIS Day @ U of I 2020 schedule,2020,Program,U of I Library,,Web archive capture of GIS Day @ U of I page provides access to 2020 program and information.,,,,https://perma.cc/LAR6-Z7T5,record
gisday-0037,Mapping for Resilience: A storymap about using lidar to address Idaho's challenges,2021,Special Topic,Tara Pozzi,"Environmental Policy and Behavior, UC Davis","Idaho will have publicly-available lidar data and lidar-derived products for 73% of the state by the end of 2021. With the influx of new data, there are many opportunities for local communities to use this information for natural hazard management, strategic development, and conservation, among other applications. The Storymap blends texts and visuals to explore lidar acquisition and implementation in Idaho. This information is intended for anyone that may want to use lidar or already uses lidar including GIS technicians, planners, engineers, academics, and artists, among others. We hope this is a place for Idahoans to learn about the usability of lidar and be inspired to use it towards forming a resilient Idaho.",https://boisestate.maps.arcgis.com/apps/Cascade/index.html?appid=63fc0118b554441589d7793e1c38ff1d,,pozzi_gisday2021.pdf,https://objects.lib.uidaho.edu/gisday/pozzi_gisday2021.pdf,pdf
gisday-0038,Using GIS tools to track Sagebrush plant community resiliency,2021,Short Talk,Georgia Harrison,"Plant Sciences, University of Idaho",A demonstration of using Google Earth Engine within Python to access rangeland plant cover data from the rangelands analysis platform (rangelands.app). We will track plant cover and assess how it has changed over time.,,,Harrison_GISDay2021.pdf,https://objects.lib.uidaho.edu/gisday/Harrison_GISDay2021.pdf,pdf
gisday-0039,Future Climate Analogs in the Climate Toolbox,2021,Short Talk,Katherine Hegewisch,"Geography, University of California Merced",The Future Climate Analogs tool in the Climate Toolbox provides a map of current and future climate analogs for National Park locations in an attempt to understand the question 'Where do we find a climate today that will resemble the future climate of a location?'. We'll explore some climate stories with the tool.,,,2021_11_17_GISDay_Slides_Hegewisch.pdf,https://objects.lib.uidaho.edu/gisday/2021_11_17_GISDay_Slides_Hegewisch.pdf,pdf
gisday-0040,"Food access and environment of vulnerable populations in the Treasure Valley, Idaho",2021,Short Talk,Julie Hurdman,"Geography and Geological Sciences, University of Idaho","Blending the popular research topics of food deserts and swamps, we examine if vulnerable populations in the Boise Metropolitan Area are more likely to have ready access to nutrition-poor, calorie-dense foods.",,,gisday_2021_Hurdman.pdf,https://objects.lib.uidaho.edu/gisday/gisday_2021_Hurdman.pdf,pdf
gisday-0041,GIS Day @ U of I 2021 schedule,2021,Program,U of I Library,,Web archive capture of GIS Day @ U of I page provides access to 2021 program and information.,,,,https://perma.cc/SN8T-8EJY,record
gisday-0042,Using multi-temporal LiDAR to assess fire impacts on tree growth,2022,Short Talk,Aaron Sparks,"Forest, Rangeland, and Fire Sciences, University of Idaho","This talk will give a brief overview of current research efforts on the U of I Experimental Forest aimed at understanding forest growth dynamics using multi-temporal airborne LiDAR, including fire impacts on tree growth.",,,sparks_gisday_2022.pdf,https://objects.lib.uidaho.edu/gisday/sparks_gisday_2022.pdf,pdf
gisday-0043,A State Project to help PSAPs getting ready for NG9-1-1,2022,Short Talk,Wilma Robertson,"Office of Information Technology Services, State of Idaho",The State received funding to help Public Safety Answering Points improve their GIS Data for five Core datasets to get Idaho ready to switch from E911 to NG9-1-1. Learn about the efforts currently underway.,,,roberson_gisday_2022.pdf,https://objects.lib.uidaho.edu/gisday/roberson_gisday_2022.pdf,pdf
gisday-0044,A New Database Initiative for Geologic Mapping in Idaho,2022,Short Talk,Nathan Hopkins,Idaho Geological Survey,"The Idaho Geological Survey publishes freely available geologic data, including geologic mapping, of interest to diverse stakeholders in Idaho. This talk will introduce an initiative to create a seamless 1:24,000-scale compilation of the geologic mapping of Idaho in a new geodatabase schema consistent with national standards.",,,hopkins_gisday_2022.pdf,https://objects.lib.uidaho.edu/gisday/hopkins_gisday_2022.pdf,pdf
gisday-0045,Keeping Watch: Mapping Idaho's Fire Lookouts Through Lived Experience,2022,Short Talk,Michael Decker,"CDIL and Confluence Lab, University of Idaho",Keeping Watch is a geo-spatial narrative project that locates oral history testimonies from former and current fire lookouts on a GIS interface. Its aim is to trace shifting perspectives of space/ place through the gaze of fire lookouts--both objectively as tower technology and subjectively as human presence.,,,,https://cdil.lib.uidaho.edu/keeping-watch/,record
gisday-0046,Standalone GPS devices - still relevant today?,2022,Short Talk,Dave Pitney,"Geography, University of Idaho","With the widespread adoption of smartphones and their 'good enough' GPS capabilities, is there still a role for standalone GPS devices? It depends on the use case. Presentation will conclude with a preview of our digital topographic maps for Garmin GPS devices.",,,pitney_gisday_2022.pdf,https://objects.lib.uidaho.edu/gisday/pitney_gisday_2022.pdf,pdf
gisday-0047,Developing a Method for Quantifying the Thermal and Hydrologic Impacts of Beaver Habitat Using Thermal Infrared Imagery,2022,Short Talk,Matthew Steinwurtzel,"Fish and Wildlife Sciences, University of Idaho","Historically, beaver-mediated habitat would have been a ubiquitous and multifunctional aspect of Idaho's river and riparian ecosystems. Beaver habitats have been demonstrated to increase groundwater exchange, maintain surface water during drought or low flows, and promote thermal heterogeneity by increasing groundwater and surface water exchanges. As climate change will continue to impact riparian habitat and riverine ecosystems through changes in precipitation and temperature, the identification of restoration activities for managers that promote and facilitate cold-water refuges for imperiled salmonids is critical. Using Thermal Infrared Imagery (TIR), we are developing a methodology that maps and models the thermal profile of salmonid-bearing watersheds. This applied methodology can be adopted and used to address the spatial and temporal limitations of typical large-scale riparian ecosystem investigations in other watersheds.",,,steinwurtzel_gisday_2022.pdf,https://objects.lib.uidaho.edu/gisday/steinwurtzel_gisday_2022.pdf,pdf
gisday-0048,Cloud Optimized GeoTIFFs,2022,Short Talk,Jennifer Hinds,"Research Computing and Data Services, University of Idaho",Rendering large raster images when developing web mapping applications can be a challenge. This is where Cloud Optimized GeoTIFFs (COGs) save the day.,,,hinds_gisday_2022.pdf,https://objects.lib.uidaho.edu/gisday/hinds_gisday_2022.pdf,pdf
gisday-0049,Getting Involved in the GIS Community,2022,Short Talk,Kara Utter,Northern Rockies chapter of the Urban and Regional Information Systems Association,"This presentation will cover who NR-URISA and URISA are and what we do for the GIS Community. It will cover a little about our history, what our current focus is, and why it's important to get involved with professional GIS organizations like ours. I will also emphasize the importance for Students and Young Professionals to get involved to help network and make connections.",,,,https://www.nrurisa.org/,record
gisday-0050,Open source human rights investigations and their evidentiary implications,2022,Short Talk,Matty Murphy,"International Studies, University of Idaho","This talk will present initial findings of research into how open source HR investigations are conducted, as well as the broader global implications of such investigations in the 21st century.",,,murphy_gisday_2022.pdf,https://objects.lib.uidaho.edu/gisday/murphy_gisday_2022.pdf,pdf
gisday-0051,Location sharing and geoprivacy preservation,2022,Invited Speaker,Grant McKenzie,"Spatial Data Science, McGill University, CA","Concern over the privacy of one's personal location is at an all-time high, yet the desire to share our lives with friends, family, and the public persists. Current approaches to sharing personal location information is often limited to sharing a single spatial resolution with all individuals, regardless of relation, and with little control over how this content is shared. In this talk I propose a set of design goals and a design pattern for sharing personal location information that are realized through a prototype mobile web application called PrivyTo.",,,mckenzie_gisday_2022.pdf,https://objects.lib.uidaho.edu/gisday/mckenzie_gisday_2022.pdf,pdf
gisday-0052,Geoprivacy and GIS: Avenues for Engagement,2022,Keynote,Dara Seidl,"Geographic Information Systems, Colorado Mountain College","GIS Day 2022 will mark twenty years since the release of Mark Monmonier's influential book on geospatial technology and privacy, *Spying with Maps*. What has changed in the geoprivacy world in the last twenty years? How have perceived geoprivacy risks from two decades ago panned out, and what new directions and concerns have emerged? This talk will identify evolving practices in the collection and stewardship of sensitive location data and address a lingering concern: how to engage future purveyors of spatial data in cultivating geoprivacy.",,,seidl_gisday_2022.pdf,https://objects.lib.uidaho.edu/gisday/seidl_gisday_2022.pdf,pdf
gisday-0053,GIS Day @ U of I 2022 recording,2022,Recording,U of I Library,,"Video from the live Zoom stream of all sessions, on YouTube.",,,,https://youtu.be/fPmebL1BPfw,video
gisday-0054,GIS Day @ U of I 2022 schedule,2022,Program,U of I Library,,Web archive capture of GIS Day @ U of I page provides access to 2022 program and information.,,,,https://perma.cc/27CD-U655,record
gisday-0055,GeoAI for Science and the Science of GeoAI,2023,Keynote,Wenwen Li,"School of Geographical Sciences and Urban Planning, Arizona State University","AI, especially deep learning, has transformed many science and engineering disciplines because of its outstanding capabilities in learning and extracting new patterns and knowledge in a data-driven manner. Geospatial science is an ideal domain to extensively apply and further boost AI research because of its vast availability of diverse big data, intriguing and complex human-environmental interactions, as well as its central role in enabling location-based analysis. In less than a decade, we have witnessed a rapidly growing interest and progress of GeoAI research -- the transdisciplinary expansion of AI in geography and its sibling domains in spatial, environmental, and urban sciences. This talk will explore the trending research in GeoAI and discuss how the science of GeoAI can be advanced. It will also cover how GeoAI can advance scientific discovery, using the tracking of Arctic environmental change as a use study.",,,,https://youtu.be/MgHuBakVdrM,video
gisday-0056,Revolutionizing Disaster Response: Unleashing the Power of GeoAI and Big Sensor Data,2023,Special Topic,Qunying Huang,"Spatial Computing and Data Mining Lab, University of Wisconsin-Madison","The emergence of real-time voluminous data streams stemming from a multitude of physical and social sensors, including remote sensing, unmanned aerial systems, and social media, presents compelling opportunities for the comprehensive characterization of disaster scenarios, the development of innovative methods for damage assessment, and the facilitation of timely and informed decision-making in the face of natural calamities. Meanwhile, recent advances in artificial intelligence (AI), particularly deep learning (DL), have ushered in a new era of geospatial AI (GeoAI) applications with the capacity to quickly and accurately extract valuable insights from extensive geospatial datasets, approximating human-like cognition. The synthesis of big data and GeoAI holds the potential to rapidly establish situational awareness, thereby enhancing operational efficiencies and responsiveness in disaster response efforts. In light of these advancements, this talk delves into the multifaceted challenges, innovative solutions, and practical applications that synthesize big sensor data and GeoAI to extract vital information for guiding decision-making in the context of natural disasters.",,https://youtu.be/WzCC9PNijZs,qunying_huang_geoai_gisday2023.pdf,https://objects.lib.uidaho.edu/gisday/qunying_huang_geoai_gisday2023.pdf,pdf
gisday-0057,Land Change Analysis Tool (LCAT),2023,Special Topic,Phil Roberts,"FPAC GEO, USDA","In 2018, FPAC Geo developed the Land Change Analysis Tool (LCAT) to create high resolution landcover maps utilizing Artificial intelligence (AI) and machine learning technology. The team employs several geospatial and spatial data analysis tools using GIS software, scalable computation platforms, and geospatial scripting. For each state, a sampling strategy is developed by consulting local experts. Training datasets are generated by leveraging “crowdsourcing” throughout the GEO organization, USDA, and academia with a web-application. Imagery is then classified using a machine learning algorithm that models landcover based on the training datasets. Resulting maps are published and available for download internally and to the public. Our internal partners have been the primary drivers for this product but development of a nationwide high resolution landcover dataset is streamlining and enabling other agencies to explore innovative conservation and land management projects that save time and money. Expanding partnerships with internal and external groups creates a pipeline for talent while discovering new uses and applications for this dataset. Ultimately this high-resolution land cover product will be updated regularly as new NAIP imagery is acquired at 60, 30, & 15cm.",https://nrcsgeoservices.sc.egov.usda.gov/arcgis/rest/services/land_use_land_cover,https://youtu.be/rcoE18PPYcM?t=1784,roberts_gisday2023.pdf,https://objects.lib.uidaho.edu/gisday/roberts_gisday2023.pdf,pdf
gisday-0058,"Accessibility to Emergency Food Services using Public Transportation, in Seattle Washington",2023,Short Talk,Adam Carlson,"Earth and Spatial Sciences, University of Idaho","In this study, we examine the current accessibility of food banks using public transportation to identify ways to help improve access to food resources for those who deal with food insecurity. To conduct this study, Seattle, WA was chosen as the study area, which we observed using general transit feed specification (GTFS) and ArcGIS to measure the time from accessible food services to the public transportation network of Seattle.",,https://youtu.be/rcoE18PPYcM,carlson_gisday2023.pdf,https://objects.lib.uidaho.edu/gisday/carlson_gisday2023.pdf,pdf
gisday-0059,Finding the where of scholarly publishing: automating scientific article geolocation,2023,Short Talk,Jason Karl,"Rangeland Ecology, University of Idaho","Geographic-based searching for scientific literature can improve knowledge discovery, relevance, and transfer. However, because most articles use place-name descriptions of study areas, there are significant challenges in efficiently building geolocated literature databases. Recent advances in AI tools offer new approaches to automating article geolocation.",https://journalmap.org/,https://youtu.be/rcoE18PPYcM?t=662,karl_gisday2023.pdf,https://objects.lib.uidaho.edu/gisday/karl_gisday2023.pdf,pdf
gisday-0060,Evaluating the combination of reflectances and three-dimensional point cloud from drone imagery for detecting forest insect damage,2023,Short Talk,Abhinav Shrestha,"Earth and Spatial Sciences, University of Idaho","Presenting a novel approach of classifying the multispectral reflectances of point cloud (from drone-captured imagery) into damaged and healthy classes, retaining the height information for later assessment of the vertical distribution of damage within a tree. The results from this study demonstrate the utility of drone data for monitoring the vertical structure of tree damage from forest insects and diseases.",,https://youtu.be/71AH3u_J9tQ,shrestha_gisday2023.pdf,https://objects.lib.uidaho.edu/gisday/shrestha_gisday2023.pdf,pdf
gisday-0061,Improving streamflow prediction using satellite and in situ observations in the snake river basin,2023,Short Talk,Ryan Town,"Earth and Spatial Sciences, University of Idaho","This project, focused on the Snake River Basin, seeks to improve streamflow modeling by testing and characterizing the effects of soil and vegetation parameters on the Noah-MP model, a widely-used and highly-advanced land surface model developed by the National Center for Atmospheric Research. Our research combines in-situ and remotely-sensed data with spatial data analysis, classic hydrological methods, and cutting-edge modeling techniques and hardware such as Idaho’s Falcon supercomputer in pursuit of meaningful contributions to the work of understanding our changing climate and the impacts it will have on the future of our human and natural ecosystems.",,https://youtu.be/71AH3u_J9tQ?t=836,town_gisday2023.pdf,https://objects.lib.uidaho.edu/gisday/town_gisday2023.pdf,pdf
gisday-0062,Augmenting Virtual Lunar Terrain with Procedural and Machine Learning Models in Real-time,2023,Short Talk,Jean-Marc Gauthier; F.B. Wróblewski,"Virtual Technology and Design; Earth and Spatial Sciences, University of Idaho","NASA plans to send multiple crewed missions to the Lunar South Pole through the Artemis program. We propose to build visual and mathematical models of three candidate Artemis landing sites at the Moon’s south polar region with the goal of producing real-time visual and geographical 3D environments to assist in Artemis mission planning. We propose to use two pipelines to develop a fine-scale virtual landscape at higher visual and scientific resolutions than current satellite data to prepare landing sites, mission traverses, and training of the Artemis mission’s astronaut and personnel. We propose to use 1) geologic mapping and machine learning classification of craters and rocks to generate the virtual lunar surface with geological and cartographic information and 2) procedural content generation within Adobe Substance and Unreal Engine to build the virtual 3D environment.",,https://youtu.be/IyncFVCvsbg,gauthier_lunarterrain_gisday2023.pdf,https://objects.lib.uidaho.edu/gisday/gauthier_lunarterrain_gisday2023.pdf,pdf
gisday-0063,A Virtual Forest for Experiential Learning - VR Classroom project,2023,Short Talk,Jean-Marc Gauthier; Payton Finney; Sydney Tverdy; Heather Heward,"Virtual Technology and Design; Forest Rangeland and Fire Sciences, University of Idaho","Using UIEF Lidar point cloud survey files, we recreate a virtual forest with healthy trees, burned, or dead trees. The team created and designed a procedural generated content system (PGC) using Artificial Intelligence and Machine Learning to recreate the virtual trees, ground, and ground cover for the virtual forest.",,https://youtu.be/IyncFVCvsbg?t=1236,gauthier_virtualforest_gisday2023.pdf,https://objects.lib.uidaho.edu/gisday/gauthier_virtualforest_gisday2023.pdf,pdf
gisday-0064,"A twin like no other, rebuilding the IRIC in Unreal Engine 5",2023,Short Talk,Jason Starace; Nate Summers,"Computer Science, University of Idaho","Using GIS data, the Esri suite of tools, and Unreal Engine 5 to accurately represent the U of I campus and the IRIC building. In this environment, we plan to make a digital twin of the Assistive Robotics lab and share our work so that others may create their own twins.",,https://youtu.be/IyncFVCvsbg?t=2572,starace_gisday2023.pdf,https://objects.lib.uidaho.edu/gisday/starace_gisday2023.pdf,pdf
gisday-0065,GIS Day @ U of I 2023 schedule,2023,Program,U of I Library,,Web archive capture of GIS Day @ U of I page provides access to 2023 program and information.,,,,https://perma.cc/8M9M-SXZE,record
gisday-0066,Defining Deep Soil and Soil Carbon Vulnerability using GIS,2024,Short Talk,Gabrielle Feber,"Environmental Science, University of Idaho","Soil is largely understudied, especially deep soil, and deep soil holds a substantial amount of carbon. GIS data can be used to define deep soil and soil carbon vulnerability by exploring the depth of understudied soil and amount of soil organic carbon in the U.S.",,https://youtu.be/rOm4pzC-t4Y?feature=shared&t=14882,Feber_gisday_2024.pdf,https://objects.lib.uidaho.edu/gisday/Feber_gisday_2024.pdf,pdf
gisday-0067,Utilizing ESRIs Application Suite to Dynamically Collect and Report Environmental Sampling Data,2024,Short Talk,Manda Wood; Susan Spalinger,"Alta Science & Engineering, Inc.","Under contract to Idaho DEQ, Alta Science and Engineering, Inc. sampled recreational locations around Coeur d'Alene Lake and the Spokane River for metals. Sampling followed specific protocols and included wet and dry sediments, soils, and water.  Alta will present why and how we used ArcGIS Pro, Field Maps on mobile devices, and Experience Builder for real-time sampling updates allowing for timely QA/QC feedback.",,https://youtu.be/rOm4pzC-t4Y?feature=shared&t=14301,Wood_gisday_2024.pdf,https://objects.lib.uidaho.edu/gisday/Wood_gisday_2024.pdf,pdf
gisday-0068,The NW GIS User Group,2024,Short Talk,Sam Jenkins,NW GIS User Group; City of Pullman,"In this presentation, I will introduce the NW GIS User Group, highlighting its role in fostering collaboration and knowledge-sharing among GIS professionals in the Pacific Northwest. We'll explore how the group supports skill development, networking, and the adoption of geospatial technologies through conferences, events, workshops, and resources.",,https://youtu.be/rOm4pzC-t4Y?feature=shared&t=13595,Jenkins_gisday_2024.pdf,https://objects.lib.uidaho.edu/gisday/Jenkins_gisday_2024.pdf,pdf
gisday-0069,The Next Generation of GISers is Needed for 911,2024,Short Talk,Pam Bond,Go West Geospatial Services,"GIS plays a critical role in public safety by supporting Next Generation 911 (NG911) systems. Learn why the skills of a GIS professional are vital to ensuring accurate, real-time data for emergency response, and how you could make a difference in saving lives and protecting property.",,https://youtu.be/rOm4pzC-t4Y?feature=shared&t=13007,Bond_gisday_2024.pdf,https://objects.lib.uidaho.edu/gisday/Bond_gisday_2024.pdf,pdf
gisday-0070,Effective Web Mapping Applications with Open Source Software,2024,Short Talk,Karsten Vennemann,Terra GIS LTD,"The presentation will show real-world web mapping applications that Terra GIS is managing. These include County web mapping servers for public use, such as assessor, treasurer, and planning departments, as well as the general public. Other examples include scientific and commercial projects that use a similar platform. All of these applications are built on open-source software, including OpenLayers, MapServer, and PostGIS.",,https://youtu.be/rOm4pzC-t4Y?feature=shared&t=12376,,https://www.terragis.net/,record
gisday-0071,Integrating Computer Science with GIS: A Practical Approach from My Internship at Esri,2024,Short Talk,Shashwot Niraula,"Computer Science, University of Idaho","In this talk, I'll share journal as a CS student to GIS, including my hands-on experiences from my internship at Esri, where I applied Computer Science principles to GIS. I'll cover how I utilized Google Colab for spatial analysis, demonstrating key projects and workflows I developed, and discuss how these practices can be used to enhance geospatial applications.",https://www.esri.com/arcgis-blog/products/api-python/developers/get-started-with-arcgis-api-for-python-in-google-colab/,https://youtu.be/rOm4pzC-t4Y?feature=shared&t=5848,Niraula_gisday_2024.pdf,https://objects.lib.uidaho.edu/gisday/Niraula_gisday_2024.pdf,pdf
gisday-0072,Appraising Rural Real Estate using LandValue Solutions integrated GIS Mapping,2024,Short Talk,Ruby Miles Stroschein,LandValue Solutions,"GIS mapping plays a crucial role in appraising farmland, timberland, and special projects by providing spatial data on land boundaries, soil quality, and topography. These tools enable precise assessments for conservation easement and eminent domain road project appraisals, ensuring informed data for accurate analysis.",,https://youtu.be/rOm4pzC-t4Y?feature=shared&t=4817,Stroschein_gisday_2024.pdf,https://objects.lib.uidaho.edu/gisday/Stroschein_gisday_2024.pdf,pdf
gisday-0073,Keeping Watch: Using GIS to assess conservation tillage practices and crop rotation on crop performance in Whitman County under drought and heat stress using remote sensing,2024,Short Talk,Samiha Suhrah Ali,"Soil and Water Systems, University of Idaho","Crop insurance payments are crucial for farmers in the US and Washington, as they cover crop loss due to extreme weather events. The federal government and RMA subsidize the insurance program. If evidence shows progressive growers adopting conservation measures are more resilient, insurance premiums could be reduced, reducing expenses and encouraging widespread adoption.",,https://youtu.be/rOm4pzC-t4Y?feature=shared&t=6406,Ali_gisday_2024.pdf,https://objects.lib.uidaho.edu/gisday/Ali_gisday_2024.pdf,pdf
gisday-0074,The best way to learn GIS,2024,Short Talk,Edwin DeYoung,GIS Help,There is a lot to learn to be successful in a GIS position. What is the best way to gain these skills?,,https://youtu.be/rOm4pzC-t4Y?t=4241,DeYoung_gisday_2024.pdf,https://objects.lib.uidaho.edu/gisday/DeYoung_gisday_2024.pdf,pdf
gisday-0075,Aerial Timelapse Tool Survey,2024,Short Talk,Andrew Weymouth,University of Idaho Library,"This presentation will explore tools for creating aerial time lapses, ranging from beginner friendly platforms like ArcGIS World Imagery Wayback to more advanced technical workflows using JavaScript and expansive datasets in Google Earth Engine. We'll discuss image mosaicking, exporting results, visualization considerations and overall image fidelity.",,https://youtu.be/rOm4pzC-t4Y?t=3677,,https://indd.adobe.com/view/b44e37fa-8f53-454c-9103-e17d5fcd8a59,record
gisday-0076,Journey Building the Idaho Map,2024,Special Topic,"Wilma Robertson, Megan Wheatley, and Bradley Bean","Office of Information Technology Services, State of Idaho","Presenters from State of Idaho discuss building The Idaho Map, a resource for accessing and viewing authoritative GIS data for Idaho.",,,,https://youtu.be/rOm4pzC-t4Y?t=6843,video
gisday-0077,"Afternoon Panel: GIS Data Quality, Access, and Collaboration",2024,Panel Discussion,Danielle Favreau (Idaho Department of Water Resources); Fred Gifford (National Democratic Redistricting Committee); Bill Neynolds (Nez Perce County),,A panel of presenters from across the geospatial community reflects on 25 years of GIS Day.,,,,https://youtu.be/rOm4pzC-t4Y?t=8667,video
gisday-0078,"Morning Panel: GIS Education, Training, and Service",2024,Panel Discussion,Jason Karl (University of Idaho); Keith Weber (Idaho State University); Frank Roberts (Mission Aviation Fellowship),,A panel of presenters from across the geospatial community reflects on 25 years of GIS Day.,,,,https://youtu.be/rOm4pzC-t4Y,video
gisday-0079,GIS Day @ U of I 2024 schedule,2024,Program,U of I Library,,Web archive capture of GIS Day @ U of I page provides access to 2024 program and information.,,,,https://perma.cc/8JDV-M3GU,record
gisday-0079a,"GIS Day @ U of I 2024 recording",2024,Recording,U of I Library,,"Video from the live Zoom stream of all sessions, on YouTube.",,,,https://youtu.be/rOm4pzC-t4Y,video
gisday-0080,GIS Day @ U of I 2025 schedule,2025,Program,U of I Library,,Web archive capture of GIS Day @ U of I page provides access to 2025 program and information. Theme 'GIS on the Palouse'.,,,,https://perma.cc/J6LU-BNL9,record
gisday-0081,Water Management on the Palouse Basin,2025,Keynote,Michel Faupel,Palouse Basin Aquifer Committee (PBAC),"The Palouse region relies solely on groundwater and our declining aquifers are shared between several entities. The Palouse Basin Aquifer Committee monitors and reports on water usage, and is working to provide long-term and high quality water sources to the region.",,https://youtu.be/NJLwcKlFWdE,Faupel_gisday2025.pdf,https://objects.lib.uidaho.edu/gisday/Faupel_gisday2025.pdf,pdf
gisday-0082,Tackling Idaho's Healthcare Workforce Needs: Geospatial Insights to Guide Next Steps,2025,Short Talk,Yesol Sapozhnikov,"School of Health and Medical Professions, University of Idaho",ECHO (Extension for Community Healthcare Outcomes) Idaho is a tele-education program that offers expert training and peer support for providers in rural and frontier communities. We will present how IOURMR researchers analyzed the program enrollment data using GIS tools to evaluate participation patterns and identify regions that need more outreach and engagement.,,https://youtu.be/NJLwcKlFWdE?t=2300,Sapozhnikov_gisday2025.pdf,https://objects.lib.uidaho.edu/gisday/Sapozhnikov_gisday2025.pdf,pdf
gisday-0083,Using GIS & Remote Sensing Data to Assess Crop Yield,2025,Short Talk,Sarah Olson,"Soil & Water Systems, University of Idaho","Through an ongoing research project for the Coeur D'Alene Tribe, we are attempting to determine whether evapotranspiration (ET) is a useful metric for evaluating crop yield. Using remote sensing data, we aim to create a model using ET that can predict whether a field's yield is 'productive' or 'unproductive,' so land managers from the Tribe can target areas for environmental management.",,https://youtu.be/NJLwcKlFWdE?t=2300,Olson_gisday2025.pdf,https://objects.lib.uidaho.edu/gisday/Olson_gisday2025.pdf,pdf
gisday-0084,City LLMs: computational urban planning of tomorrow,2025,Short Talk,Gil Rezin,"Computer Science, Washington State University","An insight into the future of urban planning and land use modelling from the perspective of AI researchers, particularly through the usage of Large Language Models. Through transformer and diffusion models, the urban planning process has the potential to be transformed, reducing labor intensity while increasing municipal efficiency and community input.",,https://youtu.be/NJLwcKlFWdE?t=2300,Rezin_cityllm_gisday2025.pdf,https://objects.lib.uidaho.edu/gisday/Rezin_cityllm_gisday2025.pdf,pdf
gisday-0085,GIS and Wildfire Resiliency at Avista,2025,Short Talk,Phil Larkin,Avista,"Avista has invested heavily in GIS technology over the past 35 years. This focus on geospatial data and analysis has been integral in the development of the Wildfire Resiliency program. Matt Ugaldea, Program Manager and Phil Larkin, Senior GIS Analyst will discuss the history of the program and exciting ways GIS is empowering decision making.",,https://youtu.be/NJLwcKlFWdE?t=4666,Larkin_GISDay2025_WildfireResiliency.pdf,https://objects.lib.uidaho.edu/gisday/Larkin_GISDay2025_WildfireResiliency.pdf,pdf
gisday-0086,Annexation Action: Streamlining Tax Code Administration in Idaho with GIS,2025,Short Talk,Paul Reyes,Idaho State Tax Commission,"This presentation explains how the Idaho State Tax Commission leverages GIS technology for managing tax code areas and taxing district annexations to ensure accurate property tax assessment and collection statewide. By following clearly defined steps, the ISTC maintains compliance, prevents jurisdictional overlap, and provides timely updates to all parties. The ISTC's GIS team works closely with counties and supports their cadastral mapping efforts and the effective visualization of their parcels.",,https://youtu.be/NJLwcKlFWdE?t=4666,Reyes_GIS Day_20251119.pdf,https://objects.lib.uidaho.edu/gisday/Reyes_GIS Day_20251119.pdf,pdf
gisday-0087,Statewide Materials Management Plan (SMMP),2025,Short Talk,Manda Wood,Alta Science and Engineering,"Idaho DEQ received funding to support development of a Statewide Materials Management Plan (SMMP). Because Idaho does not mandate reporting from facilities accepting waste, statewide data was needed to start the planning process. DEQ contracted Alta Science & Engineering to create an interactive web mapping application integrating ESRI's Experience Builder with a custom reporting tool. Through the form and associated web map, DEQ can establish baseline data, identify gaps, set goals, track progress, and compare future results.",,https://youtu.be/NJLwcKlFWdE?t=4666,Wood_GISDay2025_SWIFR.pdf,https://objects.lib.uidaho.edu/gisday/Wood_GISDay2025_SWIFR.pdf,pdf
gisday-0088,"Locavores, Foodsheds, and Food Futures: An Almanac for the Palouse",2025,Short Talk,Dan Cronan,"Design and Construction, Washington State University","The project explores how geospatial storytelling and community-based mapping can help visualize the relationships between local food systems, land use, and climate resilience across the Palouse region. This project uses GIS visualization tools to prototype a digital almanac which featuring pilot sites and work from organizations like Koppel Farm, City of Pullman's Environmental Resilience Commission, and local community gardens that connects data, narratives, and design to envision a more sustainable and self-reliant regional foodshed.",,https://youtu.be/NJLwcKlFWdE?t=4666,,https://storymaps.arcgis.com/stories/b08aa4b828024e6fb822f876cae565d0,record
gisday-0089,GIS at the Crossroads: Building Data-Driven Freight Solutions for Pullman and Whitman County,2025,Special Topic,Melissa Cleveland; Cody Hodgson,Welch Comer Engineering,"The Pullman-Whitman County Freight Alternatives Study, completed in 2025 for the Palouse Regional Transportation Planning Organization, used GIS analysis to identify practical freight corridors that could divert heavy truck traffic away from downtown Pullman, Washington. This presentation explores how GIS tools enabled data-driven collaboration among regional partners in both Washington and Idaho.Presenters will discuss the process of layering spatial data, travel modeling, and public feedback to rank alternative freight routes, as well as how GIS visualization strengthened community understanding and consensus. Attendees will gain insight into replicable techniques for multi-jurisdictional freight studies, integrating GIS analytics into route evaluation, and effectively communicating technical findings to non-technical audiences.",https://whitmantruckroutes.org,https://youtu.be/NJLwcKlFWdE?t=7713,Cleveland_Hodgson_GISDay2025.pdf,https://objects.lib.uidaho.edu/gisday/Cleveland_Hodgson_GISDay2025.pdf,pdf
gisday-0090,"Integrating GIS, LiDAR, and AI Tools for Quality of Individual Tree Segmentation",2025,Short Talk,Edward Flathers,"College of Natural Resources Forest Innovations Institute, University of Idaho","LiDAR has become a more common tool for forest inventory, and as LiDAR technology has advanced, data resolution has increased to allow for identification of individual trees in forests. Algorithms attempt to segment individual trees from LiDAR point clouds with varying levels of success. How can we measure the quality of segmentation and provide a quantitative confidence for individual tree inventory?",,https://youtu.be/NJLwcKlFWdE?t=10494,Flathers_gisday2025.pdf,https://objects.lib.uidaho.edu/gisday/Flathers_gisday2025.pdf,pdf
gisday-0091,Distribution design and the utilization of GIS,2025,Short Talk,Eric Hildebrand,"CPC Wood Pole Management, Avista Utilities",Utility distribution design utilizing GIS systems.,,https://youtu.be/NJLwcKlFWdE?t=14293,Hildebrand_GIS_Day_2025.pdf,https://objects.lib.uidaho.edu/gisday/Hildebrand_GIS_Day_2025.pdf,pdf
gisday-0092,StoryMap to share successes of the USDA-ARS Long-Term Agroecosystem Research (LTAR) Network,2025,Short Talk,Alycia Bean,"Crop and Soil Sciences, Washington State University","The Long-Term Agroecosystem Research (LTAR) Network is a USDA_ARS flagship initiative comprising 19 research sites, over 20 interdisciplinary working groups, and more than 700 active participants. Together, we advance integrated, stakeholder-informed science that addresses pressing challenges in agricultural sustainability. Example of ESRI StoryMap to highlight our successes.",https://ltar-usdaars.hub.arcgis.com/apps/a4335135754e41e994b411344137b48b/explore,https://youtu.be/NJLwcKlFWdE?t=14293,Bean_GISDay2025.pdf,https://objects.lib.uidaho.edu/gisday/Bean_GISDay2025.pdf,pdf
gisday-0093,Using GIS to Optimize Soil Moisture Sensor Deployment and Plot Delineation in Cambistch Farm,2025,Short Talk,Robel Alemayehu,"Chemical and Biological Engineering, University of Idaho",I will share how GIS was used to optimize the location of soil moisture sensor deployment and delineate biochar treatment plots at Cambistch Farm. The work demonstrates how spatial analysis supports precise experimental design.,,https://youtu.be/NJLwcKlFWdE?t=14293,Alemayehu_Robel_GIS_Cambistch_Farm.pdf,https://objects.lib.uidaho.edu/gisday/Alemayehu_Robel_GIS_Cambistch_Farm.pdf,pdf
gisday-0094,"Fusing Domain Knowledge, LLMs, and GIS: A New Framework for Mineral Prospecting",2025,Short Talk,Weilin Chen,"Computer Science, University of Idaho","This talk explores how combining expert geologic knowledge with GIS and AI helps identify potential mineralization patterns more accurately. We use an NSAI approach to link maps, domain rules, and machine learning in a transparent, explainable way.",,https://youtu.be/NJLwcKlFWdE?t=14293,Weilin_GIS_NSAI.pdf,https://objects.lib.uidaho.edu/gisday/Weilin_GIS_NSAI.pdf,pdf
gisday-0095,"GIS Day @ U of I 2025 recording",2025,Recording,U of I Library,,"Video from the live Zoom stream of all sessions, on YouTube.",,,,https://youtu.be/NJLwcKlFWdE,video
